Crop,Year,Month,Average_Wholesale_Price (Rs/quintal),Market_Name
cotton,2020,January,1762,Andhra Pradesh
cotton,2020,February,3856,Andhra Pradesh
cotton,2020,March,1409,Andhra Pradesh
cotton,2020,April,1039,Andhra Pradesh
cotton,2020,May,1158,Andhra Pradesh
cotton,2020,June,2631,Andhra Pradesh
cotton,2020,July,2548,Andhra Pradesh
cotton,2020,August,1423,Andhra Pradesh
cotton,2020,September,3676,Andhra Pradesh
cotton,2020,October,3882,Andhra Pradesh
cotton,2020,November,3110,Andhra Pradesh
cotton,2020,December,1064,Andhra Pradesh
cotton,2021,January,3385,Andhra Pradesh
cotton,2021,February,3985,Andhra Pradesh
cotton,2021,March,1741,Andhra Pradesh
cotton,2021,April,2098,Andhra Pradesh
cotton,2021,May,3853,Andhra Pradesh
cotton,2021,June,2190,Andhra Pradesh
cotton,2021,July,3028,Andhra Pradesh
cotton,2021,August,1101,Andhra Pradesh
cotton,2021,September,3437,Andhra Pradesh
cotton,2021,October,1885,Andhra Pradesh
cotton,2021,November,3412,Andhra Pradesh
cotton,2021,December,3166,Andhra Pradesh
cotton,2022,January,3096,Andhra Pradesh
cotton,2022,February,1775,Andhra Pradesh
cotton,2022,March,1058,Andhra Pradesh
cotton,2022,April,2045,Andhra Pradesh
cotton,2022,May,2673,Andhra Pradesh
cotton,2022,June,1382,Andhra Pradesh
cotton,2022,July,3029,Andhra Pradesh
cotton,2022,August,3347,Andhra Pradesh
cotton,2022,September,1661,Andhra Pradesh
cotton,2022,October,1998,Andhra Pradesh
cotton,2022,November,2318,Andhra Pradesh
cotton,2022,December,2738,Andhra Pradesh
cotton,2023,January,2234,Andhra Pradesh
cotton,2023,February,3646,Andhra Pradesh
cotton,2023,March,2604,Andhra Pradesh
cotton,2023,April,2622,Andhra Pradesh
cotton,2023,May,2042,Andhra Pradesh
cotton,2023,June,2104,Andhra Pradesh
cotton,2023,July,1619,Andhra Pradesh
cotton,2023,August,1120,Andhra Pradesh
cotton,2023,September,3894,Andhra Pradesh
cotton,2023,October,3941,Andhra Pradesh
cotton,2023,November,2068,Andhra Pradesh
cotton,2023,December,2718,Andhra Pradesh
cotton,2024,January,3931,Andhra Pradesh
cotton,2024,February,3393,Andhra Pradesh
cotton,2024,March,2950,Andhra Pradesh
cotton,2024,April,2560,Andhra Pradesh
cotton,2024,May,3082,Andhra Pradesh
cotton,2024,June,1880,Andhra Pradesh
cotton,2024,July,2127,Andhra Pradesh
cotton,2024,August,3929,Andhra Pradesh
cotton,2024,September,2493,Andhra Pradesh
cotton,2024,October,1424,Andhra Pradesh
cotton,2024,November,3925,Andhra Pradesh
cotton,2024,December,2331,Andhra Pradesh
horsegram,2020,January,1590,Andhra Pradesh
horsegram,2020,February,3267,Andhra Pradesh
horsegram,2020,March,2909,Andhra Pradesh
horsegram,2020,April,3455,Andhra Pradesh
horsegram,2020,May,2173,Andhra Pradesh
horsegram,2020,June,2728,Andhra Pradesh
horsegram,2020,July,2449,Andhra Pradesh
horsegram,2020,August,1718,Andhra Pradesh
horsegram,2020,September,1165,Andhra Pradesh
horsegram,2020,October,3389,Andhra Pradesh
horsegram,2020,November,2802,Andhra Pradesh
horsegram,2020,December,1810,Andhra Pradesh
horsegram,2021,January,2459,Andhra Pradesh
horsegram,2021,February,2318,Andhra Pradesh
horsegram,2021,March,1795,Andhra Pradesh
horsegram,2021,April,1020,Andhra Pradesh
horsegram,2021,May,2842,Andhra Pradesh
horsegram,2021,June,3726,Andhra Pradesh
horsegram,2021,July,2102,Andhra Pradesh
horsegram,2021,August,3144,Andhra Pradesh
horsegram,2021,September,1659,Andhra Pradesh
horsegram,2021,October,2263,Andhra Pradesh
horsegram,2021,November,1651,Andhra Pradesh
horsegram,2021,December,3676,Andhra Pradesh
horsegram,2022,January,2147,Andhra Pradesh
horsegram,2022,February,2559,Andhra Pradesh
horsegram,2022,March,2250,Andhra Pradesh
horsegram,2022,April,2782,Andhra Pradesh
horsegram,2022,May,1145,Andhra Pradesh
horsegram,2022,June,1752,Andhra Pradesh
horsegram,2022,July,1598,Andhra Pradesh
horsegram,2022,August,2626,Andhra Pradesh
horsegram,2022,September,1344,Andhra Pradesh
horsegram,2022,October,2135,Andhra Pradesh
horsegram,2022,November,1436,Andhra Pradesh
horsegram,2022,December,3064,Andhra Pradesh
horsegram,2023,January,1394,Andhra Pradesh
horsegram,2023,February,1557,Andhra Pradesh
horsegram,2023,March,2448,Andhra Pradesh
horsegram,2023,April,3874,Andhra Pradesh
horsegram,2023,May,3969,Andhra Pradesh
horsegram,2023,June,2575,Andhra Pradesh
horsegram,2023,July,3749,Andhra Pradesh
horsegram,2023,August,1166,Andhra Pradesh
horsegram,2023,September,3685,Andhra Pradesh
horsegram,2023,October,3615,Andhra Pradesh
horsegram,2023,November,1277,Andhra Pradesh
horsegram,2023,December,1969,Andhra Pradesh
horsegram,2024,January,1439,Andhra Pradesh
horsegram,2024,February,1424,Andhra Pradesh
horsegram,2024,March,3268,Andhra Pradesh
horsegram,2024,April,3885,Andhra Pradesh
horsegram,2024,May,1569,Andhra Pradesh
horsegram,2024,June,2344,Andhra Pradesh
horsegram,2024,July,3604,Andhra Pradesh
horsegram,2024,August,2758,Andhra Pradesh
horsegram,2024,September,3736,Andhra Pradesh
horsegram,2024,October,2305,Andhra Pradesh
horsegram,2024,November,1435,Andhra Pradesh
horsegram,2024,December,1426,Andhra Pradesh
jowar,2020,January,2214,Andhra Pradesh
jowar,2020,February,3461,Andhra Pradesh
jowar,2020,March,1380,Andhra Pradesh
jowar,2020,April,3564,Andhra Pradesh
jowar,2020,May,3294,Andhra Pradesh
jowar,2020,June,2544,Andhra Pradesh
jowar,2020,July,3291,Andhra Pradesh
jowar,2020,August,2174,Andhra Pradesh
jowar,2020,September,1391,Andhra Pradesh
jowar,2020,October,1487,Andhra Pradesh
jowar,2020,November,3557,Andhra Pradesh
jowar,2020,December,1143,Andhra Pradesh
jowar,2021,January,3627,Andhra Pradesh
jowar,2021,February,2943,Andhra Pradesh
jowar,2021,March,3405,Andhra Pradesh
jowar,2021,April,2198,Andhra Pradesh
jowar,2021,May,3000,Andhra Pradesh
jowar,2021,June,1849,Andhra Pradesh
jowar,2021,July,2609,Andhra Pradesh
jowar,2021,August,2134,Andhra Pradesh
jowar,2021,September,2524,Andhra Pradesh
jowar,2021,October,1824,Andhra Pradesh
jowar,2021,November,3014,Andhra Pradesh
jowar,2021,December,2547,Andhra Pradesh
jowar,2022,January,3259,Andhra Pradesh
jowar,2022,February,2256,Andhra Pradesh
jowar,2022,March,3172,Andhra Pradesh
jowar,2022,April,1727,Andhra Pradesh
jowar,2022,May,3624,Andhra Pradesh
jowar,2022,June,3762,Andhra Pradesh
jowar,2022,July,2371,Andhra Pradesh
jowar,2022,August,1415,Andhra Pradesh
jowar,2022,September,1123,Andhra Pradesh
jowar,2022,October,3084,Andhra Pradesh
jowar,2022,November,1799,Andhra Pradesh
jowar,2022,December,2003,Andhra Pradesh
jowar,2023,January,3772,Andhra Pradesh
jowar,2023,February,3806,Andhra Pradesh
jowar,2023,March,3207,Andhra Pradesh
jowar,2023,April,2926,Andhra Pradesh
jowar,2023,May,3612,Andhra Pradesh
jowar,2023,June,3532,Andhra Pradesh
jowar,2023,July,3287,Andhra Pradesh
jowar,2023,August,2405,Andhra Pradesh
jowar,2023,September,1924,Andhra Pradesh
jowar,2023,October,2710,Andhra Pradesh
jowar,2023,November,3561,Andhra Pradesh
jowar,2023,December,1496,Andhra Pradesh
jowar,2024,January,3609,Andhra Pradesh
jowar,2024,February,3602,Andhra Pradesh
jowar,2024,March,1959,Andhra Pradesh
jowar,2024,April,3783,Andhra Pradesh
jowar,2024,May,2740,Andhra Pradesh
jowar,2024,June,3161,Andhra Pradesh
jowar,2024,July,1304,Andhra Pradesh
jowar,2024,August,3825,Andhra Pradesh
jowar,2024,September,2327,Andhra Pradesh
jowar,2024,October,1590,Andhra Pradesh
jowar,2024,November,2680,Andhra Pradesh
jowar,2024,December,3522,Andhra Pradesh
maize,2020,January,1219,Andhra Pradesh
maize,2020,February,3790,Andhra Pradesh
maize,2020,March,1585,Andhra Pradesh
maize,2020,April,2674,Andhra Pradesh
maize,2020,May,1884,Andhra Pradesh
maize,2020,June,1195,Andhra Pradesh
maize,2020,July,2829,Andhra Pradesh
maize,2020,August,2108,Andhra Pradesh
maize,2020,September,1667,Andhra Pradesh
maize,2020,October,1668,Andhra Pradesh
maize,2020,November,1024,Andhra Pradesh
maize,2020,December,2026,Andhra Pradesh
maize,2021,January,1601,Andhra Pradesh
maize,2021,February,1811,Andhra Pradesh
maize,2021,March,3242,Andhra Pradesh
maize,2021,April,3249,Andhra Pradesh
maize,2021,May,3598,Andhra Pradesh
maize,2021,June,2807,Andhra Pradesh
maize,2021,July,1126,Andhra Pradesh
maize,2021,August,3382,Andhra Pradesh
maize,2021,September,3553,Andhra Pradesh
maize,2021,October,3357,Andhra Pradesh
maize,2021,November,3274,Andhra Pradesh
maize,2021,December,1827,Andhra Pradesh
maize,2022,January,1438,Andhra Pradesh
maize,2022,February,2998,Andhra Pradesh
maize,2022,March,2283,Andhra Pradesh
maize,2022,April,3779,Andhra Pradesh
maize,2022,May,2064,Andhra Pradesh
maize,2022,June,2184,Andhra Pradesh
maize,2022,July,2694,Andhra Pradesh
maize,2022,August,3832,Andhra Pradesh
maize,2022,September,1676,Andhra Pradesh
maize,2022,October,2730,Andhra Pradesh
maize,2022,November,3364,Andhra Pradesh
maize,2022,December,2313,Andhra Pradesh
maize,2023,January,3590,Andhra Pradesh
maize,2023,February,3858,Andhra Pradesh
maize,2023,March,2081,Andhra Pradesh
maize,2023,April,1263,Andhra Pradesh
maize,2023,May,3222,Andhra Pradesh
maize,2023,June,2539,Andhra Pradesh
maize,2023,July,3315,Andhra Pradesh
maize,2023,August,1915,Andhra Pradesh
maize,2023,September,3372,Andhra Pradesh
maize,2023,October,1657,Andhra Pradesh
maize,2023,November,3010,Andhra Pradesh
maize,2023,December,2763,Andhra Pradesh
maize,2024,January,2832,Andhra Pradesh
maize,2024,February,2601,Andhra Pradesh
maize,2024,March,1187,Andhra Pradesh
maize,2024,April,1712,Andhra Pradesh
maize,2024,May,2038,Andhra Pradesh
maize,2024,June,3292,Andhra Pradesh
maize,2024,July,1186,Andhra Pradesh
maize,2024,August,3163,Andhra Pradesh
maize,2024,September,1825,Andhra Pradesh
maize,2024,October,1065,Andhra Pradesh
maize,2024,November,2082,Andhra Pradesh
maize,2024,December,3508,Andhra Pradesh
moong,2020,January,2199,Andhra Pradesh
moong,2020,February,1532,Andhra Pradesh
moong,2020,March,1885,Andhra Pradesh
moong,2020,April,2937,Andhra Pradesh
moong,2020,May,2946,Andhra Pradesh
moong,2020,June,1035,Andhra Pradesh
moong,2020,July,3071,Andhra Pradesh
moong,2020,August,3092,Andhra Pradesh
moong,2020,September,1896,Andhra Pradesh
moong,2020,October,1263,Andhra Pradesh
moong,2020,November,1216,Andhra Pradesh
moong,2020,December,2566,Andhra Pradesh
moong,2021,January,3825,Andhra Pradesh
moong,2021,February,2735,Andhra Pradesh
moong,2021,March,2655,Andhra Pradesh
moong,2021,April,2531,Andhra Pradesh
moong,2021,May,1354,Andhra Pradesh
moong,2021,June,1249,Andhra Pradesh
moong,2021,July,3104,Andhra Pradesh
moong,2021,August,1216,Andhra Pradesh
moong,2021,September,3573,Andhra Pradesh
moong,2021,October,2757,Andhra Pradesh
moong,2021,November,2358,Andhra Pradesh
moong,2021,December,3413,Andhra Pradesh
moong,2022,January,2019,Andhra Pradesh
moong,2022,February,2518,Andhra Pradesh
moong,2022,March,3035,Andhra Pradesh
moong,2022,April,2062,Andhra Pradesh
moong,2022,May,3557,Andhra Pradesh
moong,2022,June,1555,Andhra Pradesh
moong,2022,July,2020,Andhra Pradesh
moong,2022,August,2047,Andhra Pradesh
moong,2022,September,1257,Andhra Pradesh
moong,2022,October,2375,Andhra Pradesh
moong,2022,November,3575,Andhra Pradesh
moong,2022,December,2369,Andhra Pradesh
moong,2023,January,2138,Andhra Pradesh
moong,2023,February,1373,Andhra Pradesh
moong,2023,March,3257,Andhra Pradesh
moong,2023,April,2163,Andhra Pradesh
moong,2023,May,2959,Andhra Pradesh
moong,2023,June,1251,Andhra Pradesh
moong,2023,July,1261,Andhra Pradesh
moong,2023,August,3569,Andhra Pradesh
moong,2023,September,1309,Andhra Pradesh
moong,2023,October,3158,Andhra Pradesh
moong,2023,November,1049,Andhra Pradesh
moong,2023,December,3668,Andhra Pradesh
moong,2024,January,3713,Andhra Pradesh
moong,2024,February,3813,Andhra Pradesh
moong,2024,March,3487,Andhra Pradesh
moong,2024,April,2111,Andhra Pradesh
moong,2024,May,3296,Andhra Pradesh
moong,2024,June,1488,Andhra Pradesh
moong,2024,July,1637,Andhra Pradesh
moong,2024,August,3045,Andhra Pradesh
moong,2024,September,1402,Andhra Pradesh
moong,2024,October,3515,Andhra Pradesh
moong,2024,November,2396,Andhra Pradesh
moong,2024,December,1367,Andhra Pradesh
ragi,2020,January,1924,Andhra Pradesh
ragi,2020,February,1969,Andhra Pradesh
ragi,2020,March,2788,Andhra Pradesh
ragi,2020,April,2603,Andhra Pradesh
ragi,2020,May,3127,Andhra Pradesh
ragi,2020,June,2812,Andhra Pradesh
ragi,2020,July,1807,Andhra Pradesh
ragi,2020,August,1237,Andhra Pradesh
ragi,2020,September,1453,Andhra Pradesh
ragi,2020,October,2440,Andhra Pradesh
ragi,2020,November,3598,Andhra Pradesh
ragi,2020,December,2868,Andhra Pradesh
ragi,2021,January,2102,Andhra Pradesh
ragi,2021,February,2667,Andhra Pradesh
ragi,2021,March,2902,Andhra Pradesh
ragi,2021,April,1577,Andhra Pradesh
ragi,2021,May,1969,Andhra Pradesh
ragi,2021,June,1850,Andhra Pradesh
ragi,2021,July,1252,Andhra Pradesh
ragi,2021,August,1121,Andhra Pradesh
ragi,2021,September,3040,Andhra Pradesh
ragi,2021,October,2051,Andhra Pradesh
ragi,2021,November,2908,Andhra Pradesh
ragi,2021,December,1692,Andhra Pradesh
ragi,2022,January,3100,Andhra Pradesh
ragi,2022,February,2244,Andhra Pradesh
ragi,2022,March,3679,Andhra Pradesh
ragi,2022,April,1508,Andhra Pradesh
ragi,2022,May,1717,Andhra Pradesh
ragi,2022,June,1668,Andhra Pradesh
ragi,2022,July,1988,Andhra Pradesh
ragi,2022,August,2675,Andhra Pradesh
ragi,2022,September,1855,Andhra Pradesh
ragi,2022,October,3702,Andhra Pradesh
ragi,2022,November,1482,Andhra Pradesh
ragi,2022,December,2186,Andhra Pradesh
ragi,2023,January,1020,Andhra Pradesh
ragi,2023,February,3665,Andhra Pradesh
ragi,2023,March,2559,Andhra Pradesh
ragi,2023,April,2508,Andhra Pradesh
ragi,2023,May,3498,Andhra Pradesh
ragi,2023,June,1811,Andhra Pradesh
ragi,2023,July,1767,Andhra Pradesh
ragi,2023,August,1278,Andhra Pradesh
ragi,2023,September,1772,Andhra Pradesh
ragi,2023,October,3580,Andhra Pradesh
ragi,2023,November,1012,Andhra Pradesh
ragi,2023,December,1032,Andhra Pradesh
ragi,2024,January,2689,Andhra Pradesh
ragi,2024,February,2751,Andhra Pradesh
ragi,2024,March,3088,Andhra Pradesh
ragi,2024,April,3380,Andhra Pradesh
ragi,2024,May,2929,Andhra Pradesh
ragi,2024,June,1414,Andhra Pradesh
ragi,2024,July,3938,Andhra Pradesh
ragi,2024,August,3099,Andhra Pradesh
ragi,2024,September,3446,Andhra Pradesh
ragi,2024,October,2980,Andhra Pradesh
ragi,2024,November,2331,Andhra Pradesh
ragi,2024,December,2142,Andhra Pradesh
rice,2020,January,1925,Andhra Pradesh
rice,2020,February,2859,Andhra Pradesh
rice,2020,March,1549,Andhra Pradesh
rice,2020,April,1060,Andhra Pradesh
rice,2020,May,2516,Andhra Pradesh
rice,2020,June,3661,Andhra Pradesh
rice,2020,July,3293,Andhra Pradesh
rice,2020,August,3723,Andhra Pradesh
rice,2020,September,3185,Andhra Pradesh
rice,2020,October,2980,Andhra Pradesh
rice,2020,November,3792,Andhra Pradesh
rice,2020,December,2251,Andhra Pradesh
rice,2021,January,3103,Andhra Pradesh
rice,2021,February,1593,Andhra Pradesh
rice,2021,March,2513,Andhra Pradesh
rice,2021,April,2521,Andhra Pradesh
rice,2021,May,3771,Andhra Pradesh
rice,2021,June,1941,Andhra Pradesh
rice,2021,July,2813,Andhra Pradesh
rice,2021,August,3887,Andhra Pradesh
rice,2021,September,1623,Andhra Pradesh
rice,2021,October,3106,Andhra Pradesh
rice,2021,November,1294,Andhra Pradesh
rice,2021,December,2854,Andhra Pradesh
rice,2022,January,3790,Andhra Pradesh
rice,2022,February,1943,Andhra Pradesh
rice,2022,March,3649,Andhra Pradesh
rice,2022,April,2558,Andhra Pradesh
rice,2022,May,3996,Andhra Pradesh
rice,2022,June,3327,Andhra Pradesh
rice,2022,July,2426,Andhra Pradesh
rice,2022,August,1001,Andhra Pradesh
rice,2022,September,1977,Andhra Pradesh
rice,2022,October,1775,Andhra Pradesh
rice,2022,November,2316,Andhra Pradesh
rice,2022,December,3043,Andhra Pradesh
rice,2023,January,1510,Andhra Pradesh
rice,2023,February,1888,Andhra Pradesh
rice,2023,March,1311,Andhra Pradesh
rice,2023,April,3370,Andhra Pradesh
rice,2023,May,3731,Andhra Pradesh
rice,2023,June,1943,Andhra Pradesh
rice,2023,July,1551,Andhra Pradesh
rice,2023,August,1570,Andhra Pradesh
rice,2023,September,2896,Andhra Pradesh
rice,2023,October,3225,Andhra Pradesh
rice,2023,November,2937,Andhra Pradesh
rice,2023,December,3798,Andhra Pradesh
rice,2024,January,2727,Andhra Pradesh
rice,2024,February,3782,Andhra Pradesh
rice,2024,March,3756,Andhra Pradesh
rice,2024,April,1600,Andhra Pradesh
rice,2024,May,1591,Andhra Pradesh
rice,2024,June,2552,Andhra Pradesh
rice,2024,July,3131,Andhra Pradesh
rice,2024,August,3342,Andhra Pradesh
rice,2024,September,2351,Andhra Pradesh
rice,2024,October,1777,Andhra Pradesh
rice,2024,November,1232,Andhra Pradesh
rice,2024,December,1342,Andhra Pradesh
sunflower,2020,January,3031,Andhra Pradesh
sunflower,2020,February,3736,Andhra Pradesh
sunflower,2020,March,1090,Andhra Pradesh
sunflower,2020,April,1348,Andhra Pradesh
sunflower,2020,May,1681,Andhra Pradesh
sunflower,2020,June,1262,Andhra Pradesh
sunflower,2020,July,1521,Andhra Pradesh
sunflower,2020,August,1994,Andhra Pradesh
sunflower,2020,September,1119,Andhra Pradesh
sunflower,2020,October,3414,Andhra Pradesh
sunflower,2020,November,1747,Andhra Pradesh
sunflower,2020,December,3244,Andhra Pradesh
sunflower,2021,January,3053,Andhra Pradesh
sunflower,2021,February,1084,Andhra Pradesh
sunflower,2021,March,3282,Andhra Pradesh
sunflower,2021,April,2079,Andhra Pradesh
sunflower,2021,May,1566,Andhra Pradesh
sunflower,2021,June,2199,Andhra Pradesh
sunflower,2021,July,3465,Andhra Pradesh
sunflower,2021,August,3244,Andhra Pradesh
sunflower,2021,September,2143,Andhra Pradesh
sunflower,2021,October,2620,Andhra Pradesh
sunflower,2021,November,2854,Andhra Pradesh
sunflower,2021,December,2027,Andhra Pradesh
sunflower,2022,January,2335,Andhra Pradesh
sunflower,2022,February,1593,Andhra Pradesh
sunflower,2022,March,2606,Andhra Pradesh
sunflower,2022,April,2566,Andhra Pradesh
sunflower,2022,May,1601,Andhra Pradesh
sunflower,2022,June,3638,Andhra Pradesh
sunflower,2022,July,2596,Andhra Pradesh
sunflower,2022,August,3788,Andhra Pradesh
sunflower,2022,September,2077,Andhra Pradesh
sunflower,2022,October,1713,Andhra Pradesh
sunflower,2022,November,1180,Andhra Pradesh
sunflower,2022,December,1135,Andhra Pradesh
sunflower,2023,January,1657,Andhra Pradesh
sunflower,2023,February,2467,Andhra Pradesh
sunflower,2023,March,1619,Andhra Pradesh
sunflower,2023,April,3059,Andhra Pradesh
sunflower,2023,May,2067,Andhra Pradesh
sunflower,2023,June,1942,Andhra Pradesh
sunflower,2023,July,3544,Andhra Pradesh
sunflower,2023,August,3328,Andhra Pradesh
sunflower,2023,September,1387,Andhra Pradesh
sunflower,2023,October,2031,Andhra Pradesh
sunflower,2023,November,2867,Andhra Pradesh
sunflower,2023,December,2152,Andhra Pradesh
sunflower,2024,January,3103,Andhra Pradesh
sunflower,2024,February,3950,Andhra Pradesh
sunflower,2024,March,3390,Andhra Pradesh
sunflower,2024,April,1150,Andhra Pradesh
sunflower,2024,May,1323,Andhra Pradesh
sunflower,2024,June,1598,Andhra Pradesh
sunflower,2024,July,1166,Andhra Pradesh
sunflower,2024,August,2673,Andhra Pradesh
sunflower,2024,September,3962,Andhra Pradesh
sunflower,2024,October,1156,Andhra Pradesh
sunflower,2024,November,2484,Andhra Pradesh
sunflower,2024,December,1227,Andhra Pradesh
wheat,2020,January,3910,Andhra Pradesh
wheat,2020,February,1917,Andhra Pradesh
wheat,2020,March,3552,Andhra Pradesh
wheat,2020,April,1549,Andhra Pradesh
wheat,2020,May,2290,Andhra Pradesh
wheat,2020,June,3812,Andhra Pradesh
wheat,2020,July,1514,Andhra Pradesh
wheat,2020,August,2232,Andhra Pradesh
wheat,2020,September,3294,Andhra Pradesh
wheat,2020,October,2200,Andhra Pradesh
wheat,2020,November,2524,Andhra Pradesh
wheat,2020,December,1211,Andhra Pradesh
wheat,2021,January,2941,Andhra Pradesh
wheat,2021,February,3357,Andhra Pradesh
wheat,2021,March,1273,Andhra Pradesh
wheat,2021,April,3799,Andhra Pradesh
wheat,2021,May,1417,Andhra Pradesh
wheat,2021,June,1766,Andhra Pradesh
wheat,2021,July,2242,Andhra Pradesh
wheat,2021,August,2466,Andhra Pradesh
wheat,2021,September,2335,Andhra Pradesh
wheat,2021,October,3775,Andhra Pradesh
wheat,2021,November,1055,Andhra Pradesh
wheat,2021,December,1236,Andhra Pradesh
wheat,2022,January,1852,Andhra Pradesh
wheat,2022,February,1094,Andhra Pradesh
wheat,2022,March,1475,Andhra Pradesh
wheat,2022,April,1465,Andhra Pradesh
wheat,2022,May,1898,Andhra Pradesh
wheat,2022,June,1912,Andhra Pradesh
wheat,2022,July,3868,Andhra Pradesh
wheat,2022,August,3179,Andhra Pradesh
wheat,2022,September,2125,Andhra Pradesh
wheat,2022,October,3787,Andhra Pradesh
wheat,2022,November,3615,Andhra Pradesh
wheat,2022,December,2174,Andhra Pradesh
wheat,2023,January,3371,Andhra Pradesh
wheat,2023,February,3348,Andhra Pradesh
wheat,2023,March,2228,Andhra Pradesh
wheat,2023,April,1948,Andhra Pradesh
wheat,2023,May,3732,Andhra Pradesh
wheat,2023,June,2707,Andhra Pradesh
wheat,2023,July,2383,Andhra Pradesh
wheat,2023,August,2802,Andhra Pradesh
wheat,2023,September,1001,Andhra Pradesh
wheat,2023,October,2055,Andhra Pradesh
wheat,2023,November,1033,Andhra Pradesh
wheat,2023,December,2700,Andhra Pradesh
wheat,2024,January,2937,Andhra Pradesh
wheat,2024,February,2199,Andhra Pradesh
wheat,2024,March,1499,Andhra Pradesh
wheat,2024,April,2301,Andhra Pradesh
wheat,2024,May,2765,Andhra Pradesh
wheat,2024,June,1675,Andhra Pradesh
wheat,2024,July,1199,Andhra Pradesh
wheat,2024,August,2664,Andhra Pradesh
wheat,2024,September,3392,Andhra Pradesh
wheat,2024,October,2910,Andhra Pradesh
wheat,2024,November,1904,Andhra Pradesh
wheat,2024,December,3826,Andhra Pradesh
sesamum,2020,January,2272,Andhra Pradesh
sesamum,2020,February,2781,Andhra Pradesh
sesamum,2020,March,1861,Andhra Pradesh
sesamum,2020,April,3868,Andhra Pradesh
sesamum,2020,May,1351,Andhra Pradesh
sesamum,2020,June,1079,Andhra Pradesh
sesamum,2020,July,3840,Andhra Pradesh
sesamum,2020,August,3895,Andhra Pradesh
sesamum,2020,September,3822,Andhra Pradesh
sesamum,2020,October,1555,Andhra Pradesh
sesamum,2020,November,2131,Andhra Pradesh
sesamum,2020,December,3254,Andhra Pradesh
sesamum,2021,January,2898,Andhra Pradesh
sesamum,2021,February,1624,Andhra Pradesh
sesamum,2021,March,1140,Andhra Pradesh
sesamum,2021,April,1147,Andhra Pradesh
sesamum,2021,May,2852,Andhra Pradesh
sesamum,2021,June,2197,Andhra Pradesh
sesamum,2021,July,1505,Andhra Pradesh
sesamum,2021,August,1073,Andhra Pradesh
sesamum,2021,September,2066,Andhra Pradesh
sesamum,2021,October,2894,Andhra Pradesh
sesamum,2021,November,1626,Andhra Pradesh
sesamum,2021,December,3919,Andhra Pradesh
sesamum,2022,January,3535,Andhra Pradesh
sesamum,2022,February,3500,Andhra Pradesh
sesamum,2022,March,2742,Andhra Pradesh
sesamum,2022,April,2133,Andhra Pradesh
sesamum,2022,May,2509,Andhra Pradesh
sesamum,2022,June,2009,Andhra Pradesh
sesamum,2022,July,2884,Andhra Pradesh
sesamum,2022,August,1682,Andhra Pradesh
sesamum,2022,September,1625,Andhra Pradesh
sesamum,2022,October,1412,Andhra Pradesh
sesamum,2022,November,2803,Andhra Pradesh
sesamum,2022,December,2089,Andhra Pradesh
sesamum,2023,January,1225,Andhra Pradesh
sesamum,2023,February,2927,Andhra Pradesh
sesamum,2023,March,1763,Andhra Pradesh
sesamum,2023,April,1938,Andhra Pradesh
sesamum,2023,May,2353,Andhra Pradesh
sesamum,2023,June,2241,Andhra Pradesh
sesamum,2023,July,2667,Andhra Pradesh
sesamum,2023,August,2385,Andhra Pradesh
sesamum,2023,September,3292,Andhra Pradesh
sesamum,2023,October,1934,Andhra Pradesh
sesamum,2023,November,3622,Andhra Pradesh
sesamum,2023,December,3911,Andhra Pradesh
sesamum,2024,January,1509,Andhra Pradesh
sesamum,2024,February,1379,Andhra Pradesh
sesamum,2024,March,1233,Andhra Pradesh
sesamum,2024,April,3834,Andhra Pradesh
sesamum,2024,May,3277,Andhra Pradesh
sesamum,2024,June,1859,Andhra Pradesh
sesamum,2024,July,2905,Andhra Pradesh
sesamum,2024,August,2432,Andhra Pradesh
sesamum,2024,September,3192,Andhra Pradesh
sesamum,2024,October,2868,Andhra Pradesh
sesamum,2024,November,3250,Andhra Pradesh
sesamum,2024,December,1022,Andhra Pradesh
onion,2020,January,1099,Andhra Pradesh
onion,2020,February,1504,Andhra Pradesh
onion,2020,March,2141,Andhra Pradesh
onion,2020,April,2263,Andhra Pradesh
onion,2020,May,3906,Andhra Pradesh
onion,2020,June,3908,Andhra Pradesh
onion,2020,July,2808,Andhra Pradesh
onion,2020,August,2253,Andhra Pradesh
onion,2020,September,3982,Andhra Pradesh
onion,2020,October,3620,Andhra Pradesh
onion,2020,November,2489,Andhra Pradesh
onion,2020,December,1922,Andhra Pradesh
onion,2021,January,2899,Andhra Pradesh
onion,2021,February,2051,Andhra Pradesh
onion,2021,March,2043,Andhra Pradesh
onion,2021,April,3417,Andhra Pradesh
onion,2021,May,1446,Andhra Pradesh
onion,2021,June,3385,Andhra Pradesh
onion,2021,July,1451,Andhra Pradesh
onion,2021,August,1370,Andhra Pradesh
onion,2021,September,3479,Andhra Pradesh
onion,2021,October,1833,Andhra Pradesh
onion,2021,November,2854,Andhra Pradesh
onion,2021,December,3150,Andhra Pradesh
onion,2022,January,3054,Andhra Pradesh
onion,2022,February,3340,Andhra Pradesh
onion,2022,March,2210,Andhra Pradesh
onion,2022,April,2625,Andhra Pradesh
onion,2022,May,1714,Andhra Pradesh
onion,2022,June,1582,Andhra Pradesh
onion,2022,July,3253,Andhra Pradesh
onion,2022,August,3146,Andhra Pradesh
onion,2022,September,1246,Andhra Pradesh
onion,2022,October,2263,Andhra Pradesh
onion,2022,November,1877,Andhra Pradesh
onion,2022,December,3179,Andhra Pradesh
onion,2023,January,1595,Andhra Pradesh
onion,2023,February,2222,Andhra Pradesh
onion,2023,March,1806,Andhra Pradesh
onion,2023,April,3161,Andhra Pradesh
onion,2023,May,3162,Andhra Pradesh
onion,2023,June,1826,Andhra Pradesh
onion,2023,July,3192,Andhra Pradesh
onion,2023,August,1107,Andhra Pradesh
onion,2023,September,3637,Andhra Pradesh
onion,2023,October,3953,Andhra Pradesh
onion,2023,November,1863,Andhra Pradesh
onion,2023,December,3527,Andhra Pradesh
onion,2024,January,3301,Andhra Pradesh
onion,2024,February,2000,Andhra Pradesh
onion,2024,March,3210,Andhra Pradesh
onion,2024,April,3614,Andhra Pradesh
onion,2024,May,1662,Andhra Pradesh
onion,2024,June,1177,Andhra Pradesh
onion,2024,July,1507,Andhra Pradesh
onion,2024,August,3761,Andhra Pradesh
onion,2024,September,1674,Andhra Pradesh
onion,2024,October,3152,Andhra Pradesh
onion,2024,November,3451,Andhra Pradesh
onion,2024,December,1594,Andhra Pradesh
rapeseed,2020,January,2031,Andhra Pradesh
rapeseed,2020,February,3011,Andhra Pradesh
rapeseed,2020,March,2402,Andhra Pradesh
rapeseed,2020,April,2556,Andhra Pradesh
rapeseed,2020,May,2370,Andhra Pradesh
rapeseed,2020,June,1159,Andhra Pradesh
rapeseed,2020,July,3563,Andhra Pradesh
rapeseed,2020,August,2132,Andhra Pradesh
rapeseed,2020,September,3067,Andhra Pradesh
rapeseed,2020,October,1076,Andhra Pradesh
rapeseed,2020,November,2534,Andhra Pradesh
rapeseed,2020,December,3188,Andhra Pradesh
rapeseed,2021,January,2876,Andhra Pradesh
rapeseed,2021,February,3773,Andhra Pradesh
rapeseed,2021,March,1562,Andhra Pradesh
rapeseed,2021,April,2394,Andhra Pradesh
rapeseed,2021,May,1473,Andhra Pradesh
rapeseed,2021,June,1296,Andhra Pradesh
rapeseed,2021,July,3027,Andhra Pradesh
rapeseed,2021,August,3368,Andhra Pradesh
rapeseed,2021,September,3001,Andhra Pradesh
rapeseed,2021,October,2450,Andhra Pradesh
rapeseed,2021,November,3427,Andhra Pradesh
rapeseed,2021,December,3124,Andhra Pradesh
rapeseed,2022,January,2815,Andhra Pradesh
rapeseed,2022,February,1382,Andhra Pradesh
rapeseed,2022,March,3779,Andhra Pradesh
rapeseed,2022,April,3035,Andhra Pradesh
rapeseed,2022,May,1818,Andhra Pradesh
rapeseed,2022,June,1596,Andhra Pradesh
rapeseed,2022,July,3167,Andhra Pradesh
rapeseed,2022,August,3808,Andhra Pradesh
rapeseed,2022,September,3459,Andhra Pradesh
rapeseed,2022,October,3921,Andhra Pradesh
rapeseed,2022,November,3846,Andhra Pradesh
rapeseed,2022,December,3231,Andhra Pradesh
rapeseed,2023,January,2614,Andhra Pradesh
rapeseed,2023,February,3863,Andhra Pradesh
rapeseed,2023,March,2005,Andhra Pradesh
rapeseed,2023,April,3632,Andhra Pradesh
rapeseed,2023,May,3757,Andhra Pradesh
rapeseed,2023,June,3417,Andhra Pradesh
rapeseed,2023,July,1786,Andhra Pradesh
rapeseed,2023,August,1058,Andhra Pradesh
rapeseed,2023,September,1204,Andhra Pradesh
rapeseed,2023,October,1639,Andhra Pradesh
rapeseed,2023,November,1614,Andhra Pradesh
rapeseed,2023,December,1192,Andhra Pradesh
rapeseed,2024,January,2248,Andhra Pradesh
rapeseed,2024,February,3352,Andhra Pradesh
rapeseed,2024,March,2938,Andhra Pradesh
rapeseed,2024,April,2463,Andhra Pradesh
rapeseed,2024,May,2148,Andhra Pradesh
rapeseed,2024,June,1179,Andhra Pradesh
rapeseed,2024,July,1616,Andhra Pradesh
rapeseed,2024,August,3126,Andhra Pradesh
rapeseed,2024,September,1472,Andhra Pradesh
rapeseed,2024,October,1834,Andhra Pradesh
rapeseed,2024,November,2886,Andhra Pradesh
rapeseed,2024,December,3604,Andhra Pradesh
coriander,2020,January,1173,Andhra Pradesh
coriander,2020,February,1325,Andhra Pradesh
coriander,2020,March,3884,Andhra Pradesh
coriander,2020,April,3152,Andhra Pradesh
coriander,2020,May,2853,Andhra Pradesh
coriander,2020,June,1951,Andhra Pradesh
coriander,2020,July,2645,Andhra Pradesh
coriander,2020,August,2979,Andhra Pradesh
coriander,2020,September,1150,Andhra Pradesh
coriander,2020,October,1259,Andhra Pradesh
coriander,2020,November,1454,Andhra Pradesh
coriander,2020,December,1394,Andhra Pradesh
coriander,2021,January,2303,Andhra Pradesh
coriander,2021,February,3000,Andhra Pradesh
coriander,2021,March,2334,Andhra Pradesh
coriander,2021,April,1416,Andhra Pradesh
coriander,2021,May,3229,Andhra Pradesh
coriander,2021,June,1492,Andhra Pradesh
coriander,2021,July,3885,Andhra Pradesh
coriander,2021,August,3747,Andhra Pradesh
coriander,2021,September,2930,Andhra Pradesh
coriander,2021,October,3876,Andhra Pradesh
coriander,2021,November,2739,Andhra Pradesh
coriander,2021,December,3038,Andhra Pradesh
coriander,2022,January,3997,Andhra Pradesh
coriander,2022,February,2333,Andhra Pradesh
coriander,2022,March,3773,Andhra Pradesh
coriander,2022,April,2307,Andhra Pradesh
coriander,2022,May,1828,Andhra Pradesh
coriander,2022,June,1321,Andhra Pradesh
coriander,2022,July,2972,Andhra Pradesh
coriander,2022,August,3219,Andhra Pradesh
coriander,2022,September,1184,Andhra Pradesh
coriander,2022,October,3913,Andhra Pradesh
coriander,2022,November,3824,Andhra Pradesh
coriander,2022,December,3140,Andhra Pradesh
coriander,2023,January,3086,Andhra Pradesh
coriander,2023,February,3505,Andhra Pradesh
coriander,2023,March,3640,Andhra Pradesh
coriander,2023,April,3277,Andhra Pradesh
coriander,2023,May,1628,Andhra Pradesh
coriander,2023,June,1354,Andhra Pradesh
coriander,2023,July,1120,Andhra Pradesh
coriander,2023,August,2677,Andhra Pradesh
coriander,2023,September,2645,Andhra Pradesh
coriander,2023,October,2143,Andhra Pradesh
coriander,2023,November,2077,Andhra Pradesh
coriander,2023,December,3680,Andhra Pradesh
coriander,2024,January,3153,Andhra Pradesh
coriander,2024,February,1079,Andhra Pradesh
coriander,2024,March,3911,Andhra Pradesh
coriander,2024,April,2195,Andhra Pradesh
coriander,2024,May,1458,Andhra Pradesh
coriander,2024,June,2763,Andhra Pradesh
coriander,2024,July,1056,Andhra Pradesh
coriander,2024,August,3102,Andhra Pradesh
coriander,2024,September,1061,Andhra Pradesh
coriander,2024,October,2400,Andhra Pradesh
coriander,2024,November,1661,Andhra Pradesh
coriander,2024,December,2879,Andhra Pradesh
potato,2020,January,2758,Andhra Pradesh
potato,2020,February,2631,Andhra Pradesh
potato,2020,March,2414,Andhra Pradesh
potato,2020,April,3426,Andhra Pradesh
potato,2020,May,1221,Andhra Pradesh
potato,2020,June,2458,Andhra Pradesh
potato,2020,July,2461,Andhra Pradesh
potato,2020,August,1049,Andhra Pradesh
potato,2020,September,1540,Andhra Pradesh
potato,2020,October,1274,Andhra Pradesh
potato,2020,November,1686,Andhra Pradesh
potato,2020,December,2050,Andhra Pradesh
potato,2021,January,3981,Andhra Pradesh
potato,2021,February,3863,Andhra Pradesh
potato,2021,March,1070,Andhra Pradesh
potato,2021,April,2870,Andhra Pradesh
potato,2021,May,2965,Andhra Pradesh
potato,2021,June,3116,Andhra Pradesh
potato,2021,July,2395,Andhra Pradesh
potato,2021,August,2169,Andhra Pradesh
potato,2021,September,3843,Andhra Pradesh
potato,2021,October,2811,Andhra Pradesh
potato,2021,November,3478,Andhra Pradesh
potato,2021,December,2407,Andhra Pradesh
potato,2022,January,2036,Andhra Pradesh
potato,2022,February,1081,Andhra Pradesh
potato,2022,March,3285,Andhra Pradesh
potato,2022,April,1647,Andhra Pradesh
potato,2022,May,3450,Andhra Pradesh
potato,2022,June,3368,Andhra Pradesh
potato,2022,July,2063,Andhra Pradesh
potato,2022,August,3422,Andhra Pradesh
potato,2022,September,3542,Andhra Pradesh
potato,2022,October,2318,Andhra Pradesh
potato,2022,November,2787,Andhra Pradesh
potato,2022,December,1117,Andhra Pradesh
potato,2023,January,1344,Andhra Pradesh
potato,2023,February,1326,Andhra Pradesh
potato,2023,March,1009,Andhra Pradesh
potato,2023,April,2961,Andhra Pradesh
potato,2023,May,2167,Andhra Pradesh
potato,2023,June,1844,Andhra Pradesh
potato,2023,July,1053,Andhra Pradesh
potato,2023,August,2923,Andhra Pradesh
potato,2023,September,3924,Andhra Pradesh
potato,2023,October,3158,Andhra Pradesh
potato,2023,November,1123,Andhra Pradesh
potato,2023,December,2351,Andhra Pradesh
potato,2024,January,3336,Andhra Pradesh
potato,2024,February,1688,Andhra Pradesh
potato,2024,March,1945,Andhra Pradesh
potato,2024,April,2756,Andhra Pradesh
potato,2024,May,2210,Andhra Pradesh
potato,2024,June,2531,Andhra Pradesh
potato,2024,July,1680,Andhra Pradesh
potato,2024,August,1487,Andhra Pradesh
potato,2024,September,2863,Andhra Pradesh
potato,2024,October,2100,Andhra Pradesh
potato,2024,November,3984,Andhra Pradesh
potato,2024,December,2531,Andhra Pradesh
sweetpotato,2020,January,1839,Andhra Pradesh
sweetpotato,2020,February,3145,Andhra Pradesh
sweetpotato,2020,March,2272,Andhra Pradesh
sweetpotato,2020,April,1660,Andhra Pradesh
sweetpotato,2020,May,3968,Andhra Pradesh
sweetpotato,2020,June,3997,Andhra Pradesh
sweetpotato,2020,July,1355,Andhra Pradesh
sweetpotato,2020,August,1171,Andhra Pradesh
sweetpotato,2020,September,2642,Andhra Pradesh
sweetpotato,2020,October,3256,Andhra Pradesh
sweetpotato,2020,November,3492,Andhra Pradesh
sweetpotato,2020,December,1335,Andhra Pradesh
sweetpotato,2021,January,3853,Andhra Pradesh
sweetpotato,2021,February,1724,Andhra Pradesh
sweetpotato,2021,March,2506,Andhra Pradesh
sweetpotato,2021,April,3099,Andhra Pradesh
sweetpotato,2021,May,1033,Andhra Pradesh
sweetpotato,2021,June,3402,Andhra Pradesh
sweetpotato,2021,July,3162,Andhra Pradesh
sweetpotato,2021,August,1217,Andhra Pradesh
sweetpotato,2021,September,1446,Andhra Pradesh
sweetpotato,2021,October,3343,Andhra Pradesh
sweetpotato,2021,November,2489,Andhra Pradesh
sweetpotato,2021,December,3023,Andhra Pradesh
sweetpotato,2022,January,2783,Andhra Pradesh
sweetpotato,2022,February,2069,Andhra Pradesh
sweetpotato,2022,March,3470,Andhra Pradesh
sweetpotato,2022,April,2552,Andhra Pradesh
sweetpotato,2022,May,2612,Andhra Pradesh
sweetpotato,2022,June,1496,Andhra Pradesh
sweetpotato,2022,July,1703,Andhra Pradesh
sweetpotato,2022,August,3523,Andhra Pradesh
sweetpotato,2022,September,1238,Andhra Pradesh
sweetpotato,2022,October,3747,Andhra Pradesh
sweetpotato,2022,November,1949,Andhra Pradesh
sweetpotato,2022,December,1243,Andhra Pradesh
sweetpotato,2023,January,1045,Andhra Pradesh
sweetpotato,2023,February,2449,Andhra Pradesh
sweetpotato,2023,March,3632,Andhra Pradesh
sweetpotato,2023,April,2388,Andhra Pradesh
sweetpotato,2023,May,1780,Andhra Pradesh
sweetpotato,2023,June,1956,Andhra Pradesh
sweetpotato,2023,July,3164,Andhra Pradesh
sweetpotato,2023,August,1051,Andhra Pradesh
sweetpotato,2023,September,3870,Andhra Pradesh
sweetpotato,2023,October,1245,Andhra Pradesh
sweetpotato,2023,November,3679,Andhra Pradesh
sweetpotato,2023,December,3816,Andhra Pradesh
sweetpotato,2024,January,2764,Andhra Pradesh
sweetpotato,2024,February,1013,Andhra Pradesh
sweetpotato,2024,March,1251,Andhra Pradesh
sweetpotato,2024,April,1115,Andhra Pradesh
sweetpotato,2024,May,1397,Andhra Pradesh
sweetpotato,2024,June,3925,Andhra Pradesh
sweetpotato,2024,July,2084,Andhra Pradesh
sweetpotato,2024,August,1843,Andhra Pradesh
sweetpotato,2024,September,3256,Andhra Pradesh
sweetpotato,2024,October,3082,Andhra Pradesh
sweetpotato,2024,November,2898,Andhra Pradesh
sweetpotato,2024,December,1029,Andhra Pradesh
turmeric,2020,January,3908,Andhra Pradesh
turmeric,2020,February,3022,Andhra Pradesh
turmeric,2020,March,3626,Andhra Pradesh
turmeric,2020,April,3152,Andhra Pradesh
turmeric,2020,May,1356,Andhra Pradesh
turmeric,2020,June,1245,Andhra Pradesh
turmeric,2020,July,2873,Andhra Pradesh
turmeric,2020,August,3026,Andhra Pradesh
turmeric,2020,September,3313,Andhra Pradesh
turmeric,2020,October,1535,Andhra Pradesh
turmeric,2020,November,2590,Andhra Pradesh
turmeric,2020,December,1294,Andhra Pradesh
turmeric,2021,January,1454,Andhra Pradesh
turmeric,2021,February,2047,Andhra Pradesh
turmeric,2021,March,3166,Andhra Pradesh
turmeric,2021,April,3236,Andhra Pradesh
turmeric,2021,May,3138,Andhra Pradesh
turmeric,2021,June,3856,Andhra Pradesh
turmeric,2021,July,3030,Andhra Pradesh
turmeric,2021,August,3188,Andhra Pradesh
turmeric,2021,September,2952,Andhra Pradesh
turmeric,2021,October,2657,Andhra Pradesh
turmeric,2021,November,3096,Andhra Pradesh
turmeric,2021,December,2707,Andhra Pradesh
turmeric,2022,January,1302,Andhra Pradesh
turmeric,2022,February,1905,Andhra Pradesh
turmeric,2022,March,2034,Andhra Pradesh
turmeric,2022,April,1837,Andhra Pradesh
turmeric,2022,May,2447,Andhra Pradesh
turmeric,2022,June,1729,Andhra Pradesh
turmeric,2022,July,2472,Andhra Pradesh
turmeric,2022,August,3340,Andhra Pradesh
turmeric,2022,September,1152,Andhra Pradesh
turmeric,2022,October,3333,Andhra Pradesh
turmeric,2022,November,3535,Andhra Pradesh
turmeric,2022,December,3079,Andhra Pradesh
turmeric,2023,January,3980,Andhra Pradesh
turmeric,2023,February,3761,Andhra Pradesh
turmeric,2023,March,3363,Andhra Pradesh
turmeric,2023,April,1466,Andhra Pradesh
turmeric,2023,May,1070,Andhra Pradesh
turmeric,2023,June,3571,Andhra Pradesh
turmeric,2023,July,1042,Andhra Pradesh
turmeric,2023,August,2861,Andhra Pradesh
turmeric,2023,September,2189,Andhra Pradesh
turmeric,2023,October,1314,Andhra Pradesh
turmeric,2023,November,2327,Andhra Pradesh
turmeric,2023,December,2821,Andhra Pradesh
turmeric,2024,January,1521,Andhra Pradesh
turmeric,2024,February,3345,Andhra Pradesh
turmeric,2024,March,3375,Andhra Pradesh
turmeric,2024,April,3568,Andhra Pradesh
turmeric,2024,May,1151,Andhra Pradesh
turmeric,2024,June,1685,Andhra Pradesh
turmeric,2024,July,3033,Andhra Pradesh
turmeric,2024,August,2746,Andhra Pradesh
turmeric,2024,September,3427,Andhra Pradesh
turmeric,2024,October,2840,Andhra Pradesh
turmeric,2024,November,2354,Andhra Pradesh
turmeric,2024,December,2564,Andhra Pradesh
tapioca,2020,January,2520,Andhra Pradesh
tapioca,2020,February,2798,Andhra Pradesh
tapioca,2020,March,2813,Andhra Pradesh
tapioca,2020,April,1339,Andhra Pradesh
tapioca,2020,May,1829,Andhra Pradesh
tapioca,2020,June,1644,Andhra Pradesh
tapioca,2020,July,1154,Andhra Pradesh
tapioca,2020,August,3141,Andhra Pradesh
tapioca,2020,September,1591,Andhra Pradesh
tapioca,2020,October,3883,Andhra Pradesh
tapioca,2020,November,1089,Andhra Pradesh
tapioca,2020,December,1108,Andhra Pradesh
tapioca,2021,January,1709,Andhra Pradesh
tapioca,2021,February,3887,Andhra Pradesh
tapioca,2021,March,2541,Andhra Pradesh
tapioca,2021,April,1962,Andhra Pradesh
tapioca,2021,May,1012,Andhra Pradesh
tapioca,2021,June,3403,Andhra Pradesh
tapioca,2021,July,2080,Andhra Pradesh
tapioca,2021,August,1760,Andhra Pradesh
tapioca,2021,September,2501,Andhra Pradesh
tapioca,2021,October,1577,Andhra Pradesh
tapioca,2021,November,1676,Andhra Pradesh
tapioca,2021,December,3057,Andhra Pradesh
tapioca,2022,January,2231,Andhra Pradesh
tapioca,2022,February,3251,Andhra Pradesh
tapioca,2022,March,3249,Andhra Pradesh
tapioca,2022,April,1400,Andhra Pradesh
tapioca,2022,May,1613,Andhra Pradesh
tapioca,2022,June,2486,Andhra Pradesh
tapioca,2022,July,2973,Andhra Pradesh
tapioca,2022,August,3984,Andhra Pradesh
tapioca,2022,September,1532,Andhra Pradesh
tapioca,2022,October,2316,Andhra Pradesh
tapioca,2022,November,1036,Andhra Pradesh
tapioca,2022,December,3720,Andhra Pradesh
tapioca,2023,January,1817,Andhra Pradesh
tapioca,2023,February,1960,Andhra Pradesh
tapioca,2023,March,2465,Andhra Pradesh
tapioca,2023,April,2635,Andhra Pradesh
tapioca,2023,May,3753,Andhra Pradesh
tapioca,2023,June,2054,Andhra Pradesh
tapioca,2023,July,3916,Andhra Pradesh
tapioca,2023,August,2850,Andhra Pradesh
tapioca,2023,September,2644,Andhra Pradesh
tapioca,2023,October,2353,Andhra Pradesh
tapioca,2023,November,3680,Andhra Pradesh
tapioca,2023,December,2760,Andhra Pradesh
tapioca,2024,January,1867,Andhra Pradesh
tapioca,2024,February,2388,Andhra Pradesh
tapioca,2024,March,3282,Andhra Pradesh
tapioca,2024,April,3847,Andhra Pradesh
tapioca,2024,May,2463,Andhra Pradesh
tapioca,2024,June,2936,Andhra Pradesh
tapioca,2024,July,3716,Andhra Pradesh
tapioca,2024,August,2117,Andhra Pradesh
tapioca,2024,September,3472,Andhra Pradesh
tapioca,2024,October,1675,Andhra Pradesh
tapioca,2024,November,1966,Andhra Pradesh
tapioca,2024,December,3348,Andhra Pradesh
soyabean,2020,January,1618,Andhra Pradesh
soyabean,2020,February,1521,Andhra Pradesh
soyabean,2020,March,1337,Andhra Pradesh
soyabean,2020,April,1867,Andhra Pradesh
soyabean,2020,May,3884,Andhra Pradesh
soyabean,2020,June,3326,Andhra Pradesh
soyabean,2020,July,1667,Andhra Pradesh
soyabean,2020,August,3338,Andhra Pradesh
soyabean,2020,September,2232,Andhra Pradesh
soyabean,2020,October,3929,Andhra Pradesh
soyabean,2020,November,1142,Andhra Pradesh
soyabean,2020,December,1236,Andhra Pradesh
soyabean,2021,January,3858,Andhra Pradesh
soyabean,2021,February,2626,Andhra Pradesh
soyabean,2021,March,2373,Andhra Pradesh
soyabean,2021,April,2965,Andhra Pradesh
soyabean,2021,May,2826,Andhra Pradesh
soyabean,2021,June,3656,Andhra Pradesh
soyabean,2021,July,3425,Andhra Pradesh
soyabean,2021,August,3109,Andhra Pradesh
soyabean,2021,September,3440,Andhra Pradesh
soyabean,2021,October,2279,Andhra Pradesh
soyabean,2021,November,3390,Andhra Pradesh
soyabean,2021,December,2387,Andhra Pradesh
soyabean,2022,January,2809,Andhra Pradesh
soyabean,2022,February,1998,Andhra Pradesh
soyabean,2022,March,1771,Andhra Pradesh
soyabean,2022,April,1084,Andhra Pradesh
soyabean,2022,May,2985,Andhra Pradesh
soyabean,2022,June,2499,Andhra Pradesh
soyabean,2022,July,1659,Andhra Pradesh
soyabean,2022,August,2516,Andhra Pradesh
soyabean,2022,September,2703,Andhra Pradesh
soyabean,2022,October,3787,Andhra Pradesh
soyabean,2022,November,2235,Andhra Pradesh
soyabean,2022,December,1867,Andhra Pradesh
soyabean,2023,January,2917,Andhra Pradesh
soyabean,2023,February,1269,Andhra Pradesh
soyabean,2023,March,2744,Andhra Pradesh
soyabean,2023,April,1709,Andhra Pradesh
soyabean,2023,May,2385,Andhra Pradesh
soyabean,2023,June,3596,Andhra Pradesh
soyabean,2023,July,2774,Andhra Pradesh
soyabean,2023,August,1201,Andhra Pradesh
soyabean,2023,September,1660,Andhra Pradesh
soyabean,2023,October,1325,Andhra Pradesh
soyabean,2023,November,2444,Andhra Pradesh
soyabean,2023,December,3409,Andhra Pradesh
soyabean,2024,January,3018,Andhra Pradesh
soyabean,2024,February,3359,Andhra Pradesh
soyabean,2024,March,2331,Andhra Pradesh
soyabean,2024,April,2525,Andhra Pradesh
soyabean,2024,May,1539,Andhra Pradesh
soyabean,2024,June,1911,Andhra Pradesh
soyabean,2024,July,3466,Andhra Pradesh
soyabean,2024,August,2114,Andhra Pradesh
soyabean,2024,September,2314,Andhra Pradesh
soyabean,2024,October,1969,Andhra Pradesh
soyabean,2024,November,2760,Andhra Pradesh
soyabean,2024,December,2465,Andhra Pradesh
ladyfinger,2020,January,3466,Andhra Pradesh
ladyfinger,2020,February,3321,Andhra Pradesh
ladyfinger,2020,March,1005,Andhra Pradesh
ladyfinger,2020,April,3463,Andhra Pradesh
ladyfinger,2020,May,1628,Andhra Pradesh
ladyfinger,2020,June,1662,Andhra Pradesh
ladyfinger,2020,July,2451,Andhra Pradesh
ladyfinger,2020,August,2618,Andhra Pradesh
ladyfinger,2020,September,1006,Andhra Pradesh
ladyfinger,2020,October,3185,Andhra Pradesh
ladyfinger,2020,November,3164,Andhra Pradesh
ladyfinger,2020,December,3225,Andhra Pradesh
ladyfinger,2021,January,2800,Andhra Pradesh
ladyfinger,2021,February,2446,Andhra Pradesh
ladyfinger,2021,March,1714,Andhra Pradesh
ladyfinger,2021,April,1131,Andhra Pradesh
ladyfinger,2021,May,2824,Andhra Pradesh
ladyfinger,2021,June,2354,Andhra Pradesh
ladyfinger,2021,July,3407,Andhra Pradesh
ladyfinger,2021,August,2060,Andhra Pradesh
ladyfinger,2021,September,3804,Andhra Pradesh
ladyfinger,2021,October,1171,Andhra Pradesh
ladyfinger,2021,November,1559,Andhra Pradesh
ladyfinger,2021,December,3943,Andhra Pradesh
ladyfinger,2022,January,2800,Andhra Pradesh
ladyfinger,2022,February,1187,Andhra Pradesh
ladyfinger,2022,March,2399,Andhra Pradesh
ladyfinger,2022,April,1034,Andhra Pradesh
ladyfinger,2022,May,2992,Andhra Pradesh
ladyfinger,2022,June,3911,Andhra Pradesh
ladyfinger,2022,July,2455,Andhra Pradesh
ladyfinger,2022,August,1072,Andhra Pradesh
ladyfinger,2022,September,3125,Andhra Pradesh
ladyfinger,2022,October,2465,Andhra Pradesh
ladyfinger,2022,November,2262,Andhra Pradesh
ladyfinger,2022,December,1923,Andhra Pradesh
ladyfinger,2023,January,2861,Andhra Pradesh
ladyfinger,2023,February,2306,Andhra Pradesh
ladyfinger,2023,March,1256,Andhra Pradesh
ladyfinger,2023,April,3304,Andhra Pradesh
ladyfinger,2023,May,3383,Andhra Pradesh
ladyfinger,2023,June,2428,Andhra Pradesh
ladyfinger,2023,July,3121,Andhra Pradesh
ladyfinger,2023,August,3339,Andhra Pradesh
ladyfinger,2023,September,1340,Andhra Pradesh
ladyfinger,2023,October,3783,Andhra Pradesh
ladyfinger,2023,November,1985,Andhra Pradesh
ladyfinger,2023,December,1699,Andhra Pradesh
ladyfinger,2024,January,3590,Andhra Pradesh
ladyfinger,2024,February,3653,Andhra Pradesh
ladyfinger,2024,March,1424,Andhra Pradesh
ladyfinger,2024,April,3808,Andhra Pradesh
ladyfinger,2024,May,3083,Andhra Pradesh
ladyfinger,2024,June,2811,Andhra Pradesh
ladyfinger,2024,July,2702,Andhra Pradesh
ladyfinger,2024,August,3832,Andhra Pradesh
ladyfinger,2024,September,3743,Andhra Pradesh
ladyfinger,2024,October,1311,Andhra Pradesh
ladyfinger,2024,November,1180,Andhra Pradesh
ladyfinger,2024,December,3216,Andhra Pradesh
brinjal,2020,January,3009,Andhra Pradesh
brinjal,2020,February,3115,Andhra Pradesh
brinjal,2020,March,2796,Andhra Pradesh
brinjal,2020,April,1578,Andhra Pradesh
brinjal,2020,May,3818,Andhra Pradesh
brinjal,2020,June,1657,Andhra Pradesh
brinjal,2020,July,2132,Andhra Pradesh
brinjal,2020,August,2494,Andhra Pradesh
brinjal,2020,September,2331,Andhra Pradesh
brinjal,2020,October,2655,Andhra Pradesh
brinjal,2020,November,1511,Andhra Pradesh
brinjal,2020,December,1286,Andhra Pradesh
brinjal,2021,January,1236,Andhra Pradesh
brinjal,2021,February,3013,Andhra Pradesh
brinjal,2021,March,2294,Andhra Pradesh
brinjal,2021,April,2829,Andhra Pradesh
brinjal,2021,May,3807,Andhra Pradesh
brinjal,2021,June,2086,Andhra Pradesh
brinjal,2021,July,1238,Andhra Pradesh
brinjal,2021,August,3078,Andhra Pradesh
brinjal,2021,September,1240,Andhra Pradesh
brinjal,2021,October,2502,Andhra Pradesh
brinjal,2021,November,1983,Andhra Pradesh
brinjal,2021,December,3891,Andhra Pradesh
brinjal,2022,January,3082,Andhra Pradesh
brinjal,2022,February,2896,Andhra Pradesh
brinjal,2022,March,2681,Andhra Pradesh
brinjal,2022,April,1768,Andhra Pradesh
brinjal,2022,May,1472,Andhra Pradesh
brinjal,2022,June,3359,Andhra Pradesh
brinjal,2022,July,1280,Andhra Pradesh
brinjal,2022,August,2355,Andhra Pradesh
brinjal,2022,September,1851,Andhra Pradesh
brinjal,2022,October,1359,Andhra Pradesh
brinjal,2022,November,1666,Andhra Pradesh
brinjal,2022,December,3693,Andhra Pradesh
brinjal,2023,January,3134,Andhra Pradesh
brinjal,2023,February,2358,Andhra Pradesh
brinjal,2023,March,3997,Andhra Pradesh
brinjal,2023,April,1125,Andhra Pradesh
brinjal,2023,May,2066,Andhra Pradesh
brinjal,2023,June,3106,Andhra Pradesh
brinjal,2023,July,2728,Andhra Pradesh
brinjal,2023,August,3022,Andhra Pradesh
brinjal,2023,September,1968,Andhra Pradesh
brinjal,2023,October,2094,Andhra Pradesh
brinjal,2023,November,3471,Andhra Pradesh
brinjal,2023,December,3525,Andhra Pradesh
brinjal,2024,January,3981,Andhra Pradesh
brinjal,2024,February,2724,Andhra Pradesh
brinjal,2024,March,1562,Andhra Pradesh
brinjal,2024,April,1287,Andhra Pradesh
brinjal,2024,May,3199,Andhra Pradesh
brinjal,2024,June,3067,Andhra Pradesh
brinjal,2024,July,2069,Andhra Pradesh
brinjal,2024,August,2514,Andhra Pradesh
brinjal,2024,September,2986,Andhra Pradesh
brinjal,2024,October,1639,Andhra Pradesh
brinjal,2024,November,3145,Andhra Pradesh
brinjal,2024,December,2109,Andhra Pradesh
cucumber,2020,January,3142,Andhra Pradesh
cucumber,2020,February,3048,Andhra Pradesh
cucumber,2020,March,3715,Andhra Pradesh
cucumber,2020,April,3690,Andhra Pradesh
cucumber,2020,May,2263,Andhra Pradesh
cucumber,2020,June,3702,Andhra Pradesh
cucumber,2020,July,1608,Andhra Pradesh
cucumber,2020,August,1976,Andhra Pradesh
cucumber,2020,September,3128,Andhra Pradesh
cucumber,2020,October,1980,Andhra Pradesh
cucumber,2020,November,1311,Andhra Pradesh
cucumber,2020,December,1932,Andhra Pradesh
cucumber,2021,January,1775,Andhra Pradesh
cucumber,2021,February,1093,Andhra Pradesh
cucumber,2021,March,2569,Andhra Pradesh
cucumber,2021,April,2191,Andhra Pradesh
cucumber,2021,May,1128,Andhra Pradesh
cucumber,2021,June,3997,Andhra Pradesh
cucumber,2021,July,1787,Andhra Pradesh
cucumber,2021,August,3170,Andhra Pradesh
cucumber,2021,September,2963,Andhra Pradesh
cucumber,2021,October,3885,Andhra Pradesh
cucumber,2021,November,1199,Andhra Pradesh
cucumber,2021,December,1006,Andhra Pradesh
cucumber,2022,January,3900,Andhra Pradesh
cucumber,2022,February,1201,Andhra Pradesh
cucumber,2022,March,2082,Andhra Pradesh
cucumber,2022,April,3421,Andhra Pradesh
cucumber,2022,May,3981,Andhra Pradesh
cucumber,2022,June,1533,Andhra Pradesh
cucumber,2022,July,3855,Andhra Pradesh
cucumber,2022,August,2343,Andhra Pradesh
cucumber,2022,September,3094,Andhra Pradesh
cucumber,2022,October,3575,Andhra Pradesh
cucumber,2022,November,3829,Andhra Pradesh
cucumber,2022,December,2853,Andhra Pradesh
cucumber,2023,January,2006,Andhra Pradesh
cucumber,2023,February,2851,Andhra Pradesh
cucumber,2023,March,3780,Andhra Pradesh
cucumber,2023,April,3311,Andhra Pradesh
cucumber,2023,May,3821,Andhra Pradesh
cucumber,2023,June,3586,Andhra Pradesh
cucumber,2023,July,3476,Andhra Pradesh
cucumber,2023,August,1178,Andhra Pradesh
cucumber,2023,September,3645,Andhra Pradesh
cucumber,2023,October,2396,Andhra Pradesh
cucumber,2023,November,3415,Andhra Pradesh
cucumber,2023,December,1476,Andhra Pradesh
cucumber,2024,January,1653,Andhra Pradesh
cucumber,2024,February,2932,Andhra Pradesh
cucumber,2024,March,2086,Andhra Pradesh
cucumber,2024,April,1256,Andhra Pradesh
cucumber,2024,May,1523,Andhra Pradesh
cucumber,2024,June,3543,Andhra Pradesh
cucumber,2024,July,3737,Andhra Pradesh
cucumber,2024,August,2170,Andhra Pradesh
cucumber,2024,September,1676,Andhra Pradesh
cucumber,2024,October,1664,Andhra Pradesh
cucumber,2024,November,3244,Andhra Pradesh
cucumber,2024,December,1277,Andhra Pradesh
tomato,2020,January,1110,Andhra Pradesh
tomato,2020,February,3952,Andhra Pradesh
tomato,2020,March,2723,Andhra Pradesh
tomato,2020,April,1128,Andhra Pradesh
tomato,2020,May,1852,Andhra Pradesh
tomato,2020,June,2436,Andhra Pradesh
tomato,2020,July,1342,Andhra Pradesh
tomato,2020,August,3878,Andhra Pradesh
tomato,2020,September,2708,Andhra Pradesh
tomato,2020,October,3499,Andhra Pradesh
tomato,2020,November,1453,Andhra Pradesh
tomato,2020,December,1705,Andhra Pradesh
tomato,2021,January,3450,Andhra Pradesh
tomato,2021,February,3370,Andhra Pradesh
tomato,2021,March,2233,Andhra Pradesh
tomato,2021,April,1947,Andhra Pradesh
tomato,2021,May,2558,Andhra Pradesh
tomato,2021,June,3216,Andhra Pradesh
tomato,2021,July,1604,Andhra Pradesh
tomato,2021,August,2162,Andhra Pradesh
tomato,2021,September,2316,Andhra Pradesh
tomato,2021,October,3094,Andhra Pradesh
tomato,2021,November,1061,Andhra Pradesh
tomato,2021,December,3385,Andhra Pradesh
tomato,2022,January,2886,Andhra Pradesh
tomato,2022,February,3760,Andhra Pradesh
tomato,2022,March,2102,Andhra Pradesh
tomato,2022,April,1767,Andhra Pradesh
tomato,2022,May,3613,Andhra Pradesh
tomato,2022,June,1459,Andhra Pradesh
tomato,2022,July,2313,Andhra Pradesh
tomato,2022,August,2920,Andhra Pradesh
tomato,2022,September,2238,Andhra Pradesh
tomato,2022,October,3645,Andhra Pradesh
tomato,2022,November,1760,Andhra Pradesh
tomato,2022,December,1452,Andhra Pradesh
tomato,2023,January,2291,Andhra Pradesh
tomato,2023,February,3490,Andhra Pradesh
tomato,2023,March,2111,Andhra Pradesh
tomato,2023,April,1637,Andhra Pradesh
tomato,2023,May,2950,Andhra Pradesh
tomato,2023,June,1342,Andhra Pradesh
tomato,2023,July,3435,Andhra Pradesh
tomato,2023,August,3866,Andhra Pradesh
tomato,2023,September,2835,Andhra Pradesh
tomato,2023,October,1550,Andhra Pradesh
tomato,2023,November,2232,Andhra Pradesh
tomato,2023,December,3081,Andhra Pradesh
tomato,2024,January,3776,Andhra Pradesh
tomato,2024,February,2974,Andhra Pradesh
tomato,2024,March,3797,Andhra Pradesh
tomato,2024,April,2125,Andhra Pradesh
tomato,2024,May,2326,Andhra Pradesh
tomato,2024,June,2338,Andhra Pradesh
tomato,2024,July,3023,Andhra Pradesh
tomato,2024,August,2064,Andhra Pradesh
tomato,2024,September,1593,Andhra Pradesh
tomato,2024,October,2815,Andhra Pradesh
tomato,2024,November,1797,Andhra Pradesh
tomato,2024,December,1657,Andhra Pradesh
cabbage,2020,January,1991,Andhra Pradesh
cabbage,2020,February,3964,Andhra Pradesh
cabbage,2020,March,2929,Andhra Pradesh
cabbage,2020,April,2497,Andhra Pradesh
cabbage,2020,May,2193,Andhra Pradesh
cabbage,2020,June,3972,Andhra Pradesh
cabbage,2020,July,1361,Andhra Pradesh
cabbage,2020,August,1199,Andhra Pradesh
cabbage,2020,September,2143,Andhra Pradesh
cabbage,2020,October,1964,Andhra Pradesh
cabbage,2020,November,3116,Andhra Pradesh
cabbage,2020,December,1860,Andhra Pradesh
cabbage,2021,January,1075,Andhra Pradesh
cabbage,2021,February,1443,Andhra Pradesh
cabbage,2021,March,2235,Andhra Pradesh
cabbage,2021,April,3743,Andhra Pradesh
cabbage,2021,May,1380,Andhra Pradesh
cabbage,2021,June,1156,Andhra Pradesh
cabbage,2021,July,3990,Andhra Pradesh
cabbage,2021,August,1240,Andhra Pradesh
cabbage,2021,September,1331,Andhra Pradesh
cabbage,2021,October,3744,Andhra Pradesh
cabbage,2021,November,1242,Andhra Pradesh
cabbage,2021,December,2268,Andhra Pradesh
cabbage,2022,January,1885,Andhra Pradesh
cabbage,2022,February,3520,Andhra Pradesh
cabbage,2022,March,2234,Andhra Pradesh
cabbage,2022,April,3459,Andhra Pradesh
cabbage,2022,May,2055,Andhra Pradesh
cabbage,2022,June,1519,Andhra Pradesh
cabbage,2022,July,2838,Andhra Pradesh
cabbage,2022,August,2422,Andhra Pradesh
cabbage,2022,September,3712,Andhra Pradesh
cabbage,2022,October,2181,Andhra Pradesh
cabbage,2022,November,1159,Andhra Pradesh
cabbage,2022,December,2062,Andhra Pradesh
cabbage,2023,January,2792,Andhra Pradesh
cabbage,2023,February,2809,Andhra Pradesh
cabbage,2023,March,2702,Andhra Pradesh
cabbage,2023,April,3236,Andhra Pradesh
cabbage,2023,May,3059,Andhra Pradesh
cabbage,2023,June,3419,Andhra Pradesh
cabbage,2023,July,1203,Andhra Pradesh
cabbage,2023,August,1092,Andhra Pradesh
cabbage,2023,September,2571,Andhra Pradesh
cabbage,2023,October,1238,Andhra Pradesh
cabbage,2023,November,1348,Andhra Pradesh
cabbage,2023,December,3321,Andhra Pradesh
cabbage,2024,January,3880,Andhra Pradesh
cabbage,2024,February,3426,Andhra Pradesh
cabbage,2024,March,1716,Andhra Pradesh
cabbage,2024,April,1397,Andhra Pradesh
cabbage,2024,May,1466,Andhra Pradesh
cabbage,2024,June,1393,Andhra Pradesh
cabbage,2024,July,3940,Andhra Pradesh
cabbage,2024,August,2277,Andhra Pradesh
cabbage,2024,September,2257,Andhra Pradesh
cabbage,2024,October,3757,Andhra Pradesh
cabbage,2024,November,3011,Andhra Pradesh
cabbage,2024,December,2454,Andhra Pradesh
bottlegourd,2020,January,1220,Andhra Pradesh
bottlegourd,2020,February,1657,Andhra Pradesh
bottlegourd,2020,March,2374,Andhra Pradesh
bottlegourd,2020,April,2536,Andhra Pradesh
bottlegourd,2020,May,2758,Andhra Pradesh
bottlegourd,2020,June,2579,Andhra Pradesh
bottlegourd,2020,July,1701,Andhra Pradesh
bottlegourd,2020,August,2776,Andhra Pradesh
bottlegourd,2020,September,1746,Andhra Pradesh
bottlegourd,2020,October,2489,Andhra Pradesh
bottlegourd,2020,November,2006,Andhra Pradesh
bottlegourd,2020,December,1871,Andhra Pradesh
bottlegourd,2021,January,1706,Andhra Pradesh
bottlegourd,2021,February,2258,Andhra Pradesh
bottlegourd,2021,March,1683,Andhra Pradesh
bottlegourd,2021,April,1831,Andhra Pradesh
bottlegourd,2021,May,1224,Andhra Pradesh
bottlegourd,2021,June,2265,Andhra Pradesh
bottlegourd,2021,July,3803,Andhra Pradesh
bottlegourd,2021,August,1900,Andhra Pradesh
bottlegourd,2021,September,2714,Andhra Pradesh
bottlegourd,2021,October,2281,Andhra Pradesh
bottlegourd,2021,November,3009,Andhra Pradesh
bottlegourd,2021,December,2735,Andhra Pradesh
bottlegourd,2022,January,1796,Andhra Pradesh
bottlegourd,2022,February,2643,Andhra Pradesh
bottlegourd,2022,March,2389,Andhra Pradesh
bottlegourd,2022,April,3684,Andhra Pradesh
bottlegourd,2022,May,3047,Andhra Pradesh
bottlegourd,2022,June,1020,Andhra Pradesh
bottlegourd,2022,July,2238,Andhra Pradesh
bottlegourd,2022,August,1128,Andhra Pradesh
bottlegourd,2022,September,1757,Andhra Pradesh
bottlegourd,2022,October,3551,Andhra Pradesh
bottlegourd,2022,November,2229,Andhra Pradesh
bottlegourd,2022,December,2662,Andhra Pradesh
bottlegourd,2023,January,2227,Andhra Pradesh
bottlegourd,2023,February,2518,Andhra Pradesh
bottlegourd,2023,March,1147,Andhra Pradesh
bottlegourd,2023,April,1870,Andhra Pradesh
bottlegourd,2023,May,2420,Andhra Pradesh
bottlegourd,2023,June,2647,Andhra Pradesh
bottlegourd,2023,July,2326,Andhra Pradesh
bottlegourd,2023,August,1731,Andhra Pradesh
bottlegourd,2023,September,2838,Andhra Pradesh
bottlegourd,2023,October,1879,Andhra Pradesh
bottlegourd,2023,November,1794,Andhra Pradesh
bottlegourd,2023,December,1909,Andhra Pradesh
bottlegourd,2024,January,3838,Andhra Pradesh
bottlegourd,2024,February,3327,Andhra Pradesh
bottlegourd,2024,March,2875,Andhra Pradesh
bottlegourd,2024,April,1507,Andhra Pradesh
bottlegourd,2024,May,2426,Andhra Pradesh
bottlegourd,2024,June,2908,Andhra Pradesh
bottlegourd,2024,July,1394,Andhra Pradesh
bottlegourd,2024,August,1476,Andhra Pradesh
bottlegourd,2024,September,3506,Andhra Pradesh
bottlegourd,2024,October,3128,Andhra Pradesh
bottlegourd,2024,November,1240,Andhra Pradesh
bottlegourd,2024,December,1808,Andhra Pradesh
garlic,2020,January,3199,Andhra Pradesh
garlic,2020,February,3202,Andhra Pradesh
garlic,2020,March,3158,Andhra Pradesh
garlic,2020,April,1542,Andhra Pradesh
garlic,2020,May,3768,Andhra Pradesh
garlic,2020,June,1327,Andhra Pradesh
garlic,2020,July,1605,Andhra Pradesh
garlic,2020,August,2840,Andhra Pradesh
garlic,2020,September,1766,Andhra Pradesh
garlic,2020,October,2280,Andhra Pradesh
garlic,2020,November,3394,Andhra Pradesh
garlic,2020,December,2415,Andhra Pradesh
garlic,2021,January,2027,Andhra Pradesh
garlic,2021,February,1218,Andhra Pradesh
garlic,2021,March,1520,Andhra Pradesh
garlic,2021,April,1420,Andhra Pradesh
garlic,2021,May,1880,Andhra Pradesh
garlic,2021,June,3076,Andhra Pradesh
garlic,2021,July,1069,Andhra Pradesh
garlic,2021,August,3441,Andhra Pradesh
garlic,2021,September,3883,Andhra Pradesh
garlic,2021,October,3559,Andhra Pradesh
garlic,2021,November,1656,Andhra Pradesh
garlic,2021,December,3736,Andhra Pradesh
garlic,2022,January,3051,Andhra Pradesh
garlic,2022,February,2663,Andhra Pradesh
garlic,2022,March,3015,Andhra Pradesh
garlic,2022,April,2098,Andhra Pradesh
garlic,2022,May,3922,Andhra Pradesh
garlic,2022,June,2470,Andhra Pradesh
garlic,2022,July,1079,Andhra Pradesh
garlic,2022,August,1174,Andhra Pradesh
garlic,2022,September,2234,Andhra Pradesh
garlic,2022,October,1814,Andhra Pradesh
garlic,2022,November,2927,Andhra Pradesh
garlic,2022,December,2996,Andhra Pradesh
garlic,2023,January,1164,Andhra Pradesh
garlic,2023,February,1101,Andhra Pradesh
garlic,2023,March,2950,Andhra Pradesh
garlic,2023,April,1509,Andhra Pradesh
garlic,2023,May,2949,Andhra Pradesh
garlic,2023,June,3087,Andhra Pradesh
garlic,2023,July,2245,Andhra Pradesh
garlic,2023,August,3365,Andhra Pradesh
garlic,2023,September,1728,Andhra Pradesh
garlic,2023,October,2982,Andhra Pradesh
garlic,2023,November,1958,Andhra Pradesh
garlic,2023,December,2879,Andhra Pradesh
garlic,2024,January,2849,Andhra Pradesh
garlic,2024,February,3674,Andhra Pradesh
garlic,2024,March,3881,Andhra Pradesh
garlic,2024,April,2912,Andhra Pradesh
garlic,2024,May,1629,Andhra Pradesh
garlic,2024,June,1310,Andhra Pradesh
garlic,2024,July,1582,Andhra Pradesh
garlic,2024,August,2680,Andhra Pradesh
garlic,2024,September,3728,Andhra Pradesh
garlic,2024,October,3187,Andhra Pradesh
garlic,2024,November,1634,Andhra Pradesh
garlic,2024,December,2148,Andhra Pradesh
ginger,2020,January,2498,Andhra Pradesh
ginger,2020,February,1513,Andhra Pradesh
ginger,2020,March,3273,Andhra Pradesh
ginger,2020,April,2149,Andhra Pradesh
ginger,2020,May,1306,Andhra Pradesh
ginger,2020,June,1750,Andhra Pradesh
ginger,2020,July,2078,Andhra Pradesh
ginger,2020,August,3743,Andhra Pradesh
ginger,2020,September,2527,Andhra Pradesh
ginger,2020,October,3412,Andhra Pradesh
ginger,2020,November,3902,Andhra Pradesh
ginger,2020,December,1486,Andhra Pradesh
ginger,2021,January,2579,Andhra Pradesh
ginger,2021,February,2146,Andhra Pradesh
ginger,2021,March,1413,Andhra Pradesh
ginger,2021,April,1132,Andhra Pradesh
ginger,2021,May,1430,Andhra Pradesh
ginger,2021,June,1358,Andhra Pradesh
ginger,2021,July,2881,Andhra Pradesh
ginger,2021,August,1152,Andhra Pradesh
ginger,2021,September,2032,Andhra Pradesh
ginger,2021,October,3755,Andhra Pradesh
ginger,2021,November,2441,Andhra Pradesh
ginger,2021,December,2883,Andhra Pradesh
ginger,2022,January,1802,Andhra Pradesh
ginger,2022,February,3439,Andhra Pradesh
ginger,2022,March,2697,Andhra Pradesh
ginger,2022,April,3706,Andhra Pradesh
ginger,2022,May,2671,Andhra Pradesh
ginger,2022,June,3531,Andhra Pradesh
ginger,2022,July,1031,Andhra Pradesh
ginger,2022,August,1759,Andhra Pradesh
ginger,2022,September,1940,Andhra Pradesh
ginger,2022,October,2036,Andhra Pradesh
ginger,2022,November,3928,Andhra Pradesh
ginger,2022,December,3680,Andhra Pradesh
ginger,2023,January,2567,Andhra Pradesh
ginger,2023,February,1918,Andhra Pradesh
ginger,2023,March,3779,Andhra Pradesh
ginger,2023,April,3121,Andhra Pradesh
ginger,2023,May,3609,Andhra Pradesh
ginger,2023,June,1759,Andhra Pradesh
ginger,2023,July,1460,Andhra Pradesh
ginger,2023,August,2714,Andhra Pradesh
ginger,2023,September,2347,Andhra Pradesh
ginger,2023,October,1163,Andhra Pradesh
ginger,2023,November,1935,Andhra Pradesh
ginger,2023,December,3238,Andhra Pradesh
ginger,2024,January,2583,Andhra Pradesh
ginger,2024,February,1430,Andhra Pradesh
ginger,2024,March,3660,Andhra Pradesh
ginger,2024,April,1097,Andhra Pradesh
ginger,2024,May,2697,Andhra Pradesh
ginger,2024,June,3576,Andhra Pradesh
ginger,2024,July,1197,Andhra Pradesh
ginger,2024,August,3665,Andhra Pradesh
ginger,2024,September,2573,Andhra Pradesh
ginger,2024,October,1796,Andhra Pradesh
ginger,2024,November,1992,Andhra Pradesh
ginger,2024,December,3927,Andhra Pradesh
